UserID;UserName;TransactionID;Address;Email;PhoneNumber;OrderAmount;ProductName;PaymentMethod;OrderStatus
user101;johnDoe;TX101;address1;john@example.com;1234567890;23.99;Razor_Blade;Credit;Shipped
user102;janeDoe;TX102;address2;jane@example.com;0987654321;12.99;Mens_Razor;PayPal;Delivered
user103;bobSmith;TX103;address3;bob@example.com;5551234567;15.99;Womens_Razor;Cash;Pending
user104;aliceJohnson;TX104;address4;alice@example.com;1112223333;25.99;Trimmer_Blade;Amex;Refunded
user105;mikeDavis;TX105;address5;mike@example.com;4445556666;30.99;Mens_Razor;Mastercard;Shipped
user106;emilyChen;TX106;address6;emily@example.com;6667778888;20.99;Womens_Razor;Visa;Delivered
user107;davidLee;TX107;address7;david@example.com;7778889990;28.99;Razor_Blade;Discover;Pending
user108;sarahTaylor;TX108;address8;sarah@example.com;3334445555;22.99;Trimmer_Blade;Cash;Refunded
user109;kevinHall;TX109;address9;kevin@example.com;8889990000;18.99;Mens_Razor;PayPal;Shipped
user110;oliviaWang;TX110;address10;olivia@example.com;9990001111;35.99;Womens_Razor;Credit;Delivered
user111;juliaKim;TX111;address11;julia@example.com;2223334444;32.99;Razor_Blade;Amex;Pending
user112;benjaminMartin;TX112;address12;benjamin@example.com;5556667777;27.99;Mens_Razor;Mastercard;Shipped
user113;ameliaHarris;TX113;address13;amelia@example.com;7778889991;24.99;Womens_Razor;Visa;Delivered
user114;ethanWalker;TX114;address14;ethan@example.com;9991112222;29.99;Trimmer_Blade;Cash;Refunded
user115;lucasBrooks;TX115;address15;lucas@example.com;3334445556;21.99;Mens_Razor;PayPal;Shipped
user116;miaGarcia;TX116;address16;mia@example.com;6667778889;26.99;Razor_Blade;Discover;Pending
user117;sofiaPerez;TX117;address17;sofia@example.com;8889990002;31.99;Womens_Razor;Credit;Delivered
user118;jacksonLee;TX118;address18;jackson@example.com;2223334445;23.99;Mens_Razor;Amex;Shipped
user119;oliverWright;TX119;address19;oliver@example.com;5556667778;28.99;Razor_Blade;Mastercard;Pending
user120;charlotteHall;TX120;address20;charlotte@example.com;7778889993;25.99;Trimmer_Blade;Visa;Refunded
user121;abigailMartin;TX121;address21;abigail@example.com;9991112223;22.99;Womens_Razor;Cash;Shipped
user122;williamClark;TX122;address22;william@example.com;3334445557;29.99;Mens_Razor;PayPal;Delivered
user123;isabellaDiaz;TX123;address23;isabella@example.com;6667778890;27.99;Razor_Blade;Discover;Pending
user124;loganHall;TX124;address24;logan@example.com;8889990004;31.99;Trimmer_Blade;Credit;Refunded
user125;samanthaPerez;TX125;address25;samantha@example.com;2223334446;24.99;Womens_Razor;Amex;Shipped
user126;alexanderWalker;TX126;address26;alexander@example.com;5556667779;26.99;Mens_Razor;Mastercard;Delivered
user127;averyWright;TX127;address27;avery@example.com;7778889995;28.99;Razor_Blade;Visa;Pending
user128;julianBrooks;TX128;address28;julian@example.com;9991112224;29.99;Trimmer_Blade;Cash;Refunded
user129;kaylaGarcia;TX129;address29;kayla@example.com;3334445558;22.99;Womens_Razor;PayPal;Shipped
user130;calebPerez;TX130;address30;caleb@example.com;6667778891;23.99;Mens_Razor;Discover;Delivered
user131;emilyClark;TX131;address31;emily@example.com;8889990006;25.99;Razor_Blade;Credit;Pending
user132;lilyWalker;TX132;address32;lily@example.com;2223334447;27.99;Trimmer_Blade;Amex;Refunded
user133;noahMartin;TX133;address33;noah@example.com;5556667780;29.99;Mens_Razor;Mastercard;Shipped
user134;graceLee;TX134;address34;grace@example.com;7778889997;28.99;Womens_Razor;Visa;Delivered
user135;loganHall;TX135;address35;logan@example.com;9991112225;24.99;Razor_Blade;Cash;Pending
user136;chloeDiaz;TX136;address36;chloe@example.com;3334445559;26.99;Trimmer_Blade;PayPal;Refunded
user137;averyWright;TX137;address37;avery@example.com;6667778892;30.99;Mens_Razor;Discover;Shipped
user138;julianBrooks;TX138;address38;julian@example.com;8889990008;29.99;Womens_Razor;Credit;Delivered
user139;kaylaGarcia;TX139;address39;kayla@example.com;2223334448;22.99;Razor_Blade;Amex;Pending
user140;calebPerez;TX140;address40;caleb@example.com;5556667781;25.99;Trimmer_Blade;Mastercard;Refunded
user141;emilyClark;TX141;address41;emily@example.com;7778889999;27.99;Mens_Razor;Visa;Shipped
user142;lilyWalker;TX142;address42;lily@example.com;9991112226;24.99;Womens_Razor;Cash;Delivered
user143;noahMartin;TX143;address43;noah@example.com;3334445560;28.99;Razor_Blade;PayPal;Pending
user144;graceLee;TX144;address44;grace@example.com;6667778893;30.99;Trimmer_Blade;Discover;Refunded
user145;loganHall;TX145;address45;logan@example.com;8889990010;29.99;Mens_Razor;Credit;Shipped
user146;chloeDiaz;TX146;address46;chloe@example.com;2223334449;22.99;Womens_Razor;Amex;Delivered
user147;averyWright;TX147;address47;avery@example.com;5556667782;26.99;Razor_Blade;Mastercard;Pending
user148;julianBrooks;TX148;address48;julian@example.com;7778881000;28.99;Trimmer_Blade;Visa;Refunded
user149;kaylaGarcia;TX149;address49;kayla@example.com;9991112227;24.99;Mens_Razor;Cash;Shipped
user150;jacksonLee;TX150;address50;jackson@example.com;3334445561;27.99;Womens_Razor;PayPal;Delivered
user101;johnDoe;TRX001;123 Main St;john.doe@example.com;123-456-7890;23.99;Razor;Visa;Shipped
user102;janeDoe;TRX002;456 Elm St;jane.doe@example.com;987-654-3210;19.99;Shaving Cream;Mastercard;Pending
user103;bobSmith;TRX003;789 Oak St;bob.smith@example.com;555-123-4567;29.99;Trimmer;Amex;Delivered
user104;aliceJohnson;TRX004;321 Pine St;alice.johnson@example.com;789-456-1234;14.99;Razor Blades;PayPal;Pending
user105;mikeBrown;TRX005;901 Cedar St;mike.brown@example.com;345-678-9012;39.99;Shaving Kit;Visa;Shipped
user106;emilyDavis;TRX006;678 Maple St;emily.davis@example.com;567-890-1234;24.99;Trimmer Head;Mastercard;Delivered
user107;harryLewis;TRX007;890 Pine St;harry.lewis@example.com;901-234-5678;19.99;Shaving Cream;Amex;Pending
user108;sarahTaylor;TRX008;123 Elm St;sarah.taylor@example.com;456-789-0123;29.99;Razor Handle;PayPal;Shipped
user109;kevinWhite;TRX009;456 Cedar St;kevin.white@example.com;789-012-3456;14.99;Trimmer Battery;Visa;Delivered
user110;elizabethMartin;TRX010;321 Maple St;elizabeth.martin@example.com;567-890-4567;39.99;Shaving Kit;Mastercard;Pending
user111;williamHall;TRX011;789 Oak St;william.hall@example.com;345-678-9012;24.99;Razor Blades;Amex;Shipped
user112;oliviaWalker;TRX012;901 Cedar St;olivia.walker@example.com;123-456-7890;19.99;Trimmer Head;PayPal;Delivered
user113;benjaminLee;TRX013;890 Pine St;benjamin.lee@example.com;901-234-5678;29.99;Shaving Cream;Visa;Pending
user114;isabellaHarris;TRX014;123 Elm St;isabella.harris@example.com;456-789-0123;39.99;Razor Handle;Mastercard;Shipped
user115;loganMoore;TRX015;456 Cedar St;logan.moore@example.com;789-012-3456;14.99;Trimmer Battery;Amex;Delivered
user116;averyGarcia;TRX016;321 Maple St;avery.garcia@example.com;567-890-4567;24.99;Shaving Kit;PayPal;Pending
user117;evelynParker;TRX017;789 Oak St;evelyn.parker@example.com;345-678-9012;29.99;Razor Blades;Visa;Shipped
user118;juliaWatson;TRX018;901 Cedar St;julia.watson@example.com;123-456-7890;19.99;Trimmer Head;Mastercard;Delivered
user119;oliverBrown;TRX019;890 Pine St;oliver.brown@example.com;901-234-5678;39.99;Shaving Cream;Amex;Pending
user120;juliaHernandez;TRX020;123 Elm St;julia.hernandez@example.com;456-789-0123;24.99;Razor Handle;PayPal;Shipped
user121;bryanMiller;TRX021;456 Cedar St;bryan.miller@example.com;789-012-3456;29.99;Trimmer Battery;Visa;Delivered
user122;carolynDavis;TRX022;321 Maple St;carolyn.davis@example.com;567-890-4567;19.99;Shaving Kit;Mastercard;Pending
user123;anthonyWatson;TRX023;789 Oak St;anthony.watson@example.com;345-678-9012;39.99;Razor Blades;Amex;Shipped
user124;samanthaTaylor;TRX024;901 Cedar St;samantha.taylor@example.com;123-456-7890;29.99;Trimmer Head;PayPal;Delivered
user125;jeffreyHall;TRX025;890 Pine St;jeffrey.hall@example.com;901-234-5678;24.99;Shaving Cream;Visa;Pending
user126;katherineMartin;TRX026;123 Elm St;katherine.martin@example.com;456-789-0123;39.99;Razor Handle;Mastercard;Shipped
user127;christopherWalker;TRX027;456 Cedar St;christopher.walker@example.com;789-012-3456;29.99;Trimmer Battery;Amex;Delivered
user128;natalieGarcia;TRX028;321 Maple St;natalie.garcia@example.com;567-890-4567;19.99;Shaving Kit;PayPal;Pending
user129;brianMoore;TRX029;789 Oak St;brian.moore@example.com;345-678-9012;39.99;Razor Blades;Visa;Shipped
user130;rebeccaWatson;TRX030;901 Cedar St;rebecca.watson@example.com;123-456-7890;29.99;Trimmer Head;Mastercard;Delivered
user131;kevinParker;TRX031;890 Pine St;kevin.parker@example.com;901-234-5678;24.99;Shaving Cream;Amex;Pending
user132;jessicaHernandez;TRX032;123 Elm St;jessica.hernandez@example.com;456-789-0123;39.99;Razor Handle;PayPal;Shipped
user133;matthewMiller;TRX033;456 Cedar St;matthew.miller@example.com;789-012-3456;29.99;Trimmer Battery;Visa;Delivered
user134;heatherDavis;TRX034;321 Maple St;heather.davis@example.com;567-890-4567;19.99;Shaving Kit;Mastercard;Pending
user135;markWatson;TRX035;789 Oak St;mark.watson@example.com;345-678-9012;39.99;Razor Blades;Amex;Shipped
user136;amyTaylor;TRX036;901 Cedar St;amy.taylor@example.com;123-456-7890;29.99;Trimmer Head;PayPal;Delivered
user137;nicholasHall;TRX037;890 Pine St;nicholas.hall@example.com;901-234-5678;24.99;Shaving Cream;Visa;Pending
user138;laurenMartin;TRX038;123 Elm St;lauren.martin@example.com;456-789-0123;39.99;Razor Handle;Mastercard;Shipped
user139;jamesWalker;TRX039;456 Cedar St;james.walker@example.com;789-012-3456;29.99;Trimmer Battery;Amex;Delivered
user140;kimberlyGarcia;TRX040;321 Maple St;kimberly.garcia@example.com;567-890-4567;19.99;Shaving Kit;PayPal;Pending
user141;robertMoore;TRX041;789 Oak St;robert.moore@example.com;345-678-9012;39.99;Razor Blades;Visa;Shipped
user142;lisaWatson;TRX042;901 Cedar St;lisa.watson@example.com;123-456-7890;29.99;Trimmer Head;Mastercard;Delivered
user143;richardParker;TRX043;890 Pine St;richard.parker@example.com;901-234-5678;24.99;Shaving Cream;Amex;Pending
user144;hannahHernandez;TRX044;123 Elm St;hannah.hernandez@example.com;456-789-0123;39.99;Razor Handle;PayPal;Shipped
user145;charlesMiller;TRX045;456 Cedar St;charles.miller@example.com;789-012-3456;29.99;Trimmer Battery;Visa;Delivered
user146;deborahDavis;TRX046;321 Maple St;deborah.davis@example.com;567-890-4567;19.99;Shaving Kit;Mastercard;Pending
user147;patrickWatson;TRX047;789 Oak St;patrick.watson@example.com;345-678-9012;39.99;Razor Blades;Amex;Shipped
user148;sandraTaylor;TRX048;901 Cedar St;sandra.taylor@example.com;123-456-7890;29.99;Trimmer Head;PayPal;Delivered
user149;josephHall;TRX049;890 Pine St;joseph.hall@example.com;901-234-5678;24.99;Shaving Cream;Visa;Pending
user150;rachelMartin;TRX050;123 Elm St;rachel.martin@example.com;456-789-0123;39.99;Razor Handle;Mastercard;Shipped
